image_id,relative_path,design_id,colorway,label_confidence,label_source,notes
image_b4d4bc181b3fec93,h_img_132981.jpg,,,,,
image_035a943af53d0c48,h_img_149526.jpg,,,,,
image_a7f46c13fb41393f,h_img_31665.jpg,,,,,
image_c766afcc134fb7ab,h_img_34590.jpg,,,,,
image_076f07ce2026c4cb,h_img_35259.jpg,,,,,
image_0aa72fb6fb46c815,h_img_44440.jpg,,,,,
image_fe13d399c5e2066d,h_img_593526.jpg,,,,,
image_087c54ac6cc9441d,h_img_76108.jpg,,,,,
image_4012b9917d6a2199,h_img_93057.jpg,,,,,
image_1c44aa4a929576f0,img_106019.jpg,,,,,
image_1bd3e4d3f4ecbc34,img_10959.jpg,,,,,
image_e27b152213701bbc,img_110820.jpg,,,,,
image_ec7d689a6dc1611b,img_115196.jpg,,,,,
image_2ff2a6b1a9d34a09,img_120749.jpg,,,,,
image_0e83eb6c8c54e721,img_130255.jpg,,,,,
image_316aaaaa94433dd4,img_142355.jpg,,,,,
image_cfbd1afcd7dd33fa,img_153688.jpg,,,,,
image_c9b36459e05e6bc2,img_172154.jpg,,,,,
image_591fc513850ce250,img_175884.jpg,,,,,
image_92bda3b79920a5f4,img_180214.jpg,,,,,
image_1a954771382eed19,img_187840.jpg,,,,,
image_a68720e0dc03715c,img_221213.jpg,,,,,
image_d560b8ca09d5f53b,img_232079.jpg,,,,,
image_e7b6e284112e090e,img_239226.jpg,,,,,
image_5b47a00e7b31ef05,img_246391.jpg,,,,,
image_e0590bd041a682e5,img_246854.jpg,,,,,
image_327821b41cc9d450,img_2469.jpg,,,,,
image_89db5e094a06ad3c,img_257108.jpg,,,,,
image_2140198ae9e7583a,img_259893.jpg,,,,,
image_8b4a1b45df3cda45,img_260919.jpg,,,,,
image_cabffcf9d45f39a3,img_261444.jpg,,,,,
image_9de816401791c64b,img_26850.jpg,,,,,
image_7f5b61e093339a88,img_270633.jpg,,,,,
image_a72091582c0f8b90,img_275183.jpg,,,,,
image_c691a01a0e8e7e40,img_277936.jpg,,,,,
image_95e887fec8097467,img_284975.jpg,,,,,
image_9082510e6c8a6af4,img_289910.jpg,,,,,
image_75cabe03b9dd28a9,img_307484.jpg,,,,,
image_5b9abba72cfd966a,img_314642.jpg,,,,,
image_adf2c06ec29a4ac7,img_316470.jpg,,,,,
image_59d3f92ca164bfda,img_325344.jpg,,,,,
image_fcb03920c025bdbb,img_32852.jpg,,,,,
image_880b80909cde541b,img_337700.jpg,,,,,
image_918779dd59959f55,img_339968.jpg,,,,,
image_149c85f3e518c480,img_341437.jpg,,,,,
image_36e8faeabf684209,img_346343.jpg,,,,,
image_f5779f934a76910e,img_354459.jpg,,,,,
image_8ea0b66c09cb78d1,img_357974.jpg,,,,,
image_76cab516544a795e,img_364174.jpg,,,,,
image_fa4949a3f10ea376,img_364907.jpg,,,,,
image_16c05fea20faad9d,img_366604.jpg,,,,,
image_4180f1b266b2bba1,img_369469.jpg,,,,,
image_298e1bccbee7e09a,img_37489.jpg,,,,,
image_68e821d9aa8b82fb,img_381577.jpg,,,,,
image_10a304fb708a44ba,img_385960.jpg,,,,,
image_dec40284b9c01496,img_386972.jpg,,,,,
image_9693285e237b99ed,img_393000.jpg,,,,,
image_74c1d0a5d9d5bd99,img_399807.jpg,,,,,
image_bcc953a999f80d96,img_40145.jpg,,,,,
image_1c3891e8a7fae900,img_403289.jpg,,,,,
image_e173e45cf58dd6e1,img_411083.jpg,,,,,
image_af4a2cbf4321496d,img_413996.jpg,,,,,
image_6e7af1d6f90df1c8,img_417511.jpg,,,,,
image_815e1b99aa070d26,img_429922.jpg,,,,,
image_ade3e841cbf7111b,img_433250.jpg,,,,,
image_81d65f907a2a0bca,img_442389.jpg,,,,,
image_fcfe201cbf09c019,img_445986.jpg,,,,,
image_34bc23cb5a6d00c1,img_447852.jpg,,,,,
image_3481dfcd5d825061,img_450212.jpg,,,,,
image_ebed102db92cb8f9,img_458235.jpg,,,,,
image_f9e854a37b6f7d5b,img_475101.jpg,,,,,
image_5353f532cbb44f91,img_475851.jpg,,,,,
image_50dacf108b99e89e,img_477984.jpg,,,,,
image_ff0ba2f57402fbd4,img_478598.jpg,,,,,
image_a71a9c57459013b1,img_48234.jpg,,,,,
image_c6c891c8cd7b067b,img_48825.jpg,,,,,
image_7023ca0ad472d22d,img_489839.jpg,,,,,
image_5e85e03217712073,img_519993.jpg,,,,,
image_5e6c00299970938b,img_524137.jpg,,,,,
image_b43f8de10c2c79e6,img_526657.jpg,,,,,
image_e9728cbe97852dca,img_529952.jpg,,,,,
image_46b4daf26b6d4f03,img_540343.jpg,,,,,
image_ae30e5b1ca8dfcdb,img_541390.jpg,,,,,
image_f8ee9f4c3ba8d304,img_5447.jpg,,,,,
image_17ccedb854d830fe,img_54863.jpg,,,,,
image_5ce5e169537a4b73,img_556574.jpg,,,,,
image_ef2b7322e830f02a,img_55880.jpg,,,,,
image_0497b5cf4ab3fff6,img_565213.jpg,,,,,
image_759d826816e9d2af,img_568910.jpg,,,,,
image_0e328cc1a8b006ef,img_578081.jpg,,,,,
image_bf97c8d03f1a2c83,img_578936.jpg,,,,,
image_0e13ead12eef4a2b,img_57969.jpg,,,,,
image_0fb0179bc7cec510,img_583723.jpg,,,,,
image_fbdcd771560d0512,img_586052.jpg,,,,,
image_a206e1b18ea8ae50,img_586537.jpg,,,,,
image_1ef2535d5cb53ce2,img_590289.jpg,,,,,
image_a34ef56e9b3c7655,img_591020.jpg,,,,,
image_d28b5d04a4fb3b79,img_602896.jpg,,,,,
image_280e69f90cb24f78,img_614731.jpg,,,,,
image_b4a19a573c86809b,img_61951.jpg,,,,,
image_701da5276f589389,img_632748.jpg,,,,,
image_a1fc5e2659bdbc96,img_635336.jpg,,,,,
image_126f1182c1276f7f,img_635738.jpg,,,,,
image_0e1080461797c597,img_635895.jpg,,,,,
image_c72d0ad1ef7410e0,img_636938.jpg,,,,,
image_03b28a439b2f4f25,img_638094.jpg,,,,,
image_2c4570b4c25170cb,img_642784.jpg,,,,,
image_f87ab3e1665bf9e2,img_643949.jpg,,,,,
image_2caa68ea42e50e37,img_648754.jpg,,,,,
image_4744bc112814a5c7,img_649782.jpg,,,,,
image_c40f977f1af69e0b,img_65263.jpg,,,,,
image_a34fce433146544e,img_667809.jpg,,,,,
image_55549fe29a1f1db5,img_669675.jpg,,,,,
image_5b79299828f4d366,img_67123.jpg,,,,,
image_f5f302c2b8991aae,img_677180.jpg,,,,,
image_6aec2141879c9201,img_678178.jpg,,,,,
image_a0d7a83e5d124f86,img_678193.jpg,,,,,
image_f63dd935b197b2ef,img_68235.jpg,,,,,
image_ab8bd941d09d5e43,img_688109.jpg,,,,,
image_25136e9e3361c6b6,img_694883.jpg,,,,,
image_a21b186aad133c05,img_710186.jpg,,,,,
image_0d48fed73815d9b2,img_7150.jpg,,,,,
image_0edeec6d587ec85c,img_718326.jpg,,,,,
image_879dcf78bcbfca59,img_726717.jpg,,,,,
image_291b9bc61fdbaac8,img_738703.jpg,,,,,
image_3c15c3f0e660bb06,img_741740.jpg,,,,,
image_9db48a7ba4f6ac4e,img_744464.jpg,,,,,
image_2cd1d55d85baf10e,img_746861.jpg,,,,,
image_c205f51afbf47170,img_748887.jpg,,,,,
image_1592ae5abe98584e,img_764354.jpg,,,,,
image_ebb45eb54df632c1,img_770334.jpg,,,,,
image_95c3e78241056ddd,img_776505.jpg,,,,,
image_08d0c847c854231b,img_789127.jpg,,,,,
image_633c1f9b1b0c72a7,img_801823.jpg,,,,,
image_d2e7fd232da1e11d,img_804542.jpg,,,,,
image_7c0257ad6ee8cf21,img_808059.jpg,,,,,
image_fbb45996fe9eb1e0,img_82256.jpg,,,,,
image_860c9fbc025ea66b,img_822729.jpg,,,,,
image_af3b2b8364a0f174,img_828414.jpg,,,,,
image_209f8f798949a10b,img_834923.jpg,,,,,
image_1b1749e725b57038,img_845893.jpg,,,,,
image_0d42650188e16f6c,img_85121.jpg,,,,,
image_959f5ea12052c184,img_86754.jpg,,,,,
image_c9943d0c9c445090,img_874118.jpg,,,,,
image_c123e8a3a801e825,img_881252.jpg,,,,,
image_6a3eb3a41a9c6301,img_884336.jpg,,,,,
image_f8c9f2dd2f4514fc,img_889324.jpg,,,,,
image_382db6555dbef788,img_892336.jpg,,,,,
image_01cfe46ca69e525e,img_895368.jpg,,,,,
image_f7713a54fbda632d,img_897203.jpg,,,,,
image_60fa1b6cdb01ae17,img_90832.jpg,,,,,
image_442467c496db434a,img_915919.jpg,,,,,
image_acc7694bd8554bbf,img_917853.jpg,,,,,
image_2268206dd9c43a08,img_927463.jpg,,,,,
image_4fef4f49829efcbd,img_927947.jpg,,,,,
image_0c1143c96f6811b9,img_94825.jpg,,,,,
image_04572f5488987175,img_955789.jpg,,,,,
image_1d2d5596d595d7cd,img_960789.jpg,,,,,
image_297a0991220cd19e,img_961476.jpg,,,,,
image_2cb935904e66e1f8,img_966256.jpg,,,,,
image_4a05b077cd0824b1,img_978752.jpg,,,,,
image_ccbe6a4cfb54e515,img_981759.jpg,,,,,
image_22d117d643c7bde9,img_982056.jpg,,,,,
image_15109427ed2d9ff3,img_987571.jpg,,,,,
image_6c5e4f0e11e3185b,img_987632.jpg,,,,,
