image_id,relative_path_metadata,filename,source_dataset,source_category,extension,file_size_bytes,width,height,channels,aspect_ratio,sha256,readable,notes_metadata,relative_path,design_id,colorway,label_confidence,label_source,notes
image_0d48fed73815d9b2,img_7150.jpg,img_7150.jpg,deeplure,,.jpg,23623,485,486,3,0.997942,b87105d00c183410adbe18ee71a79bf621d047bd912875d9458d468eee2504c3,True,,img_7150.jpg,D009,Blue / Multicolored,High,deeplure,Geometric and traditional motifs on blue base
image_1bd3e4d3f4ecbc34,img_10959.jpg,img_10959.jpg,deeplure,,.jpg,23104,486,486,3,1.0,9c866ea41af71c247d16f59714cab1a133a576f6c58c2cb18db6a6f48ff640de,True,,img_10959.jpg,D009,Blue / Multicolored,High,deeplure,Geometric and traditional motifs on blue base
image_4a05b077cd0824b1,img_978752.jpg,img_978752.jpg,deeplure,,.jpg,76387,985,985,3,1.0,88f7d64aedf6f716225f6266230b51a50164694d46c4e0fd695ad1f7089463d2,True,,img_978752.jpg,D013,White / Multicolored,High,deeplure,Multicolor floral and diamond motifs on white
image_1592ae5abe98584e,img_764354.jpg,img_764354.jpg,deeplure,,.jpg,81023,985,985,3,1.0,e81c72ff1819d4e9b2b631044709f26d64edb6cfe3ecd8b3f4152539f5b919ad,True,,img_764354.jpg,D013,White / Multicolored,High,deeplure,Pastel floral and diamond motifs scattered across white
image_297a0991220cd19e,img_961476.jpg,img_961476.jpg,deeplure,,.jpg,66625,986,986,3,1.0,eddac3763d0510f326855f834dfa035f3193de411fccc7047ede4cc72587ad87,True,,img_961476.jpg,D013,White / Multicolored,High,deeplure,Pastel floral and diamond motifs scattered across white
image_68e821d9aa8b82fb,img_381577.jpg,img_381577.jpg,deeplure,,.jpg,38728,610,610,3,1.0,fec5cac97c52e63f624a64b1ea1689d0725f0c12fdae0de986194cc556c810a1,True,,img_381577.jpg,D017,Red / Black & Gold,High,deeplure,Traditional vine motif in black and gold on red
image_89db5e094a06ad3c,img_257108.jpg,img_257108.jpg,deeplure,,.jpg,37305,610,610,3,1.0,9479f6c9ed0f0a1f716de025b5a92f99fe11da7c6fb94bbef58fd4a22be1bbcf,True,,img_257108.jpg,D017,Red / Black & Gold,High,deeplure,Traditional vine and floral pattern on red base
image_0d42650188e16f6c,img_85121.jpg,img_85121.jpg,deeplure,,.jpg,23767,590,589,3,1.001698,d9c6b80d2446c955795f65ccb280608881e139fb409ad5b49ba63f1ec83f3829,True,,img_85121.jpg,D027,White / Red & Gold,High,deeplure,Small red and gold diamond motifs on white background
image_382db6555dbef788,img_892336.jpg,img_892336.jpg,deeplure,,.jpg,23586,589,589,3,1.0,12ce5c0dd35b3cb4157d842328eb4e465c7167e21819f370266a918a403b3b04,True,,img_892336.jpg,D027,White / Red & Gold,High,deeplure,Small red diamond and gold motifs on white background
image_03b28a439b2f4f25,img_638094.jpg,img_638094.jpg,deeplure,,.jpg,22776,590,589,3,1.001698,ceefe5e92554d3b6bd5355c9c3e14bed3946d626ec5f9f6b29ac8333568aafb8,True,,img_638094.jpg,D027,White / Red & Gold,High,deeplure,Small red and gold diamond motifs on white background
image_af3b2b8364a0f174,img_828414.jpg,img_828414.jpg,deeplure,,.jpg,27190,589,589,3,1.0,068ec351da27ab5e255ca3561cb12b7b9040bb2ec1b6723094cf13c6ac95fecb,True,,img_828414.jpg,D027,White / Red & Gold,High,deeplure,Small red diamond motifs on white background
image_959f5ea12052c184,img_86754.jpg,img_86754.jpg,deeplure,,.jpg,27748,553,553,3,1.0,2e30b4d06a0bec05059898a7179e88e73774b935eaea11b0479e89de46e1f1de,True,,img_86754.jpg,D036,Cream / Gold,High,deeplure,Gold peacock motif on cream base
image_f8ee9f4c3ba8d304,img_5447.jpg,img_5447.jpg,deeplure,,.jpg,27715,554,554,3,1.0,0dc968e8b4c54fd55be776fee20e46e115b43b6dea72ce2a592996da2a2cc9a4,True,,img_5447.jpg,D036,Cream / Gold,High,deeplure,Gold peacock motif on cream base
image_b43f8de10c2c79e6,img_526657.jpg,img_526657.jpg,deeplure,,.jpg,28827,553,553,3,1.0,04e246a8aa0fbf5f3fb63605723576dfdf1bb35799a205ac2a26c13b44012cc2,True,,img_526657.jpg,D036,Beige / Black,High,deeplure,Black peacock motif on beige/tussar base
image_a71a9c57459013b1,img_48234.jpg,img_48234.jpg,deeplure,,.jpg,24308,553,553,3,1.0,94d7c1eb91279101cd6747379b2b9af0e532585f5097fc9d4a4603dbef7ebc2c,True,,img_48234.jpg,D036,Cream / Gold,High,deeplure,Gold peacock motif on cream base
image_f8c9f2dd2f4514fc,img_889324.jpg,img_889324.jpg,deeplure,,.jpg,20235,567,567,3,1.0,7cd9bda626464ee85f8ac5d62d5c7052de52442e0ab3ceb1a36b1d04c0594a39,True,,img_889324.jpg,D039,White / Gold,High,deeplure,Small gold floral motifs on white background
image_22d117d643c7bde9,img_982056.jpg,img_982056.jpg,deeplure,,.jpg,19977,567,567,3,1.0,db7c85dd97984ad5607a6d1fe3600089cd41f0208cd6e5c323934b080d010f51,True,,img_982056.jpg,D039,Cream / Purple & Gold,High,deeplure,Purple floral and gold dot motifs on cream
image_c72d0ad1ef7410e0,img_636938.jpg,img_636938.jpg,deeplure,,.jpg,26356,567,567,3,1.0,254c7a25972820d79bcf4e8de309167cbee914d65ff6adb43206c425cadbf143,True,,img_636938.jpg,D039,Off-white / Plain,High,deeplure,Plain off-white textured base fabric
