image_id,relative_path,filename,source_dataset,source_category,extension,file_size_bytes,width,height,channels,aspect_ratio,sha256,readable,notes
image_b4d4bc181b3fec93,h_img_132981.jpg,h_img_132981.jpg,deeplure,,.jpg,213184,1511,1512,3,0.999339,a967d6da4ee8df9e16e2a030bab1bb5a713b47d289088d938774cf7b4c9870cc,True,
image_035a943af53d0c48,h_img_149526.jpg,h_img_149526.jpg,deeplure,,.jpg,84672,730,730,3,1.0,10cef4876985dc2ce745e295d6e7d77d5c8d707ec638911f6c7f973248500a0e,True,
image_a7f46c13fb41393f,h_img_31665.jpg,h_img_31665.jpg,deeplure,,.jpg,438421,1512,1512,3,1.0,cf5f69f731bcb00df53145caf7826c8fff26ee1e1b841475a7f54328665de476,True,
image_c766afcc134fb7ab,h_img_34590.jpg,h_img_34590.jpg,deeplure,,.jpg,246688,1185,1185,3,1.0,0bd198ac044156a558ca8240efc55c4128480b39902add8b77f9dff0f1d87dfa,True,
image_076f07ce2026c4cb,h_img_35259.jpg,h_img_35259.jpg,deeplure,,.jpg,266479,1259,1259,3,1.0,b35b56ee8d87f019a2749d4243e5138caf5a70735a3fe7b1377298494ee2d1ce,True,
image_0aa72fb6fb46c815,h_img_44440.jpg,h_img_44440.jpg,deeplure,,.jpg,339393,1367,1366,3,1.000732,889d004e0e88b89aac51f5788c871355295bc7437eed92f60c92bb6683e37a80,True,
image_fe13d399c5e2066d,h_img_593526.jpg,h_img_593526.jpg,deeplure,,.jpg,39479,610,610,3,1.0,28cc98c8d2c02affefc64c3e38ae6a95ad497198ed2cf97491ad6e5c40eaccf1,True,
image_087c54ac6cc9441d,h_img_76108.jpg,h_img_76108.jpg,deeplure,,.jpg,154392,875,874,3,1.001144,2bb201230d6bd4a25ab6c4e312bd0dcada699ad3ae4c6331b7b1debaa456c673,True,
image_4012b9917d6a2199,h_img_93057.jpg,h_img_93057.jpg,deeplure,,.jpg,475546,1286,1286,3,1.0,43d15585164435edf0ceffabf05932d9b322e7e6d4454c2cd1f432a0e4344103,True,
image_1c44aa4a929576f0,img_106019.jpg,img_106019.jpg,deeplure,,.jpg,22469,589,589,3,1.0,1aed13b0d7671e5e57e3ab345b3e217e27baa2de99d1f7a60f587d4fe552933f,True,
image_1bd3e4d3f4ecbc34,img_10959.jpg,img_10959.jpg,deeplure,,.jpg,23104,486,486,3,1.0,9c866ea41af71c247d16f59714cab1a133a576f6c58c2cb18db6a6f48ff640de,True,
image_e27b152213701bbc,img_110820.jpg,img_110820.jpg,deeplure,,.jpg,59992,708,707,3,1.001414,4a5d042f9aa5b21ccb18028bfb8ae1251e99ed540d54014093d6fe486647d2ba,True,
image_ec7d689a6dc1611b,img_115196.jpg,img_115196.jpg,deeplure,,.jpg,44123,631,632,3,0.998418,9c7d1ce0e213c8d52acca479533cfc25bb31f85666c8a13355c75faf86d4e218,True,
image_2ff2a6b1a9d34a09,img_120749.jpg,img_120749.jpg,deeplure,,.jpg,572630,1511,1512,3,0.999339,eef9b5a6ce740ef474f3f2f6d2496f45575de1e25083e10c9e1499955cc774e7,True,
image_0e83eb6c8c54e721,img_130255.jpg,img_130255.jpg,deeplure,,.jpg,159842,893,893,3,1.0,d3ccf0f399cd4ebb01d5dd7b784ac37dc47e9ab30f95aa5ae4daa486ab28899d,True,
image_316aaaaa94433dd4,img_142355.jpg,img_142355.jpg,deeplure,,.jpg,516702,1511,1512,3,0.999339,51e8af04d0f6af652cf2d86cffaa924e3ea894a1693f251f4423be02850b78d5,True,
image_cfbd1afcd7dd33fa,img_153688.jpg,img_153688.jpg,deeplure,,.jpg,57162,631,631,3,1.0,b8335d483a51dc13e5b045949a85b96d36119309c7b512203deab82daf847eff,True,
image_c9b36459e05e6bc2,img_172154.jpg,img_172154.jpg,deeplure,,.jpg,14262,471,470,3,1.002128,499f331d77f14af78aee9572babed3ae3815cf3f9d7ed59822d9ebf0372b0b3b,True,
image_591fc513850ce250,img_175884.jpg,img_175884.jpg,deeplure,,.jpg,70592,986,985,3,1.001015,62fea00b7dfa22d2098c473948e72e82800fc8e07034dc8bed1517cb8447bf94,True,
image_92bda3b79920a5f4,img_180214.jpg,img_180214.jpg,deeplure,,.jpg,37778,581,581,3,1.0,c441bbb3f755748790200363e6ed428b130be2917731cda4d3afa37ff4523705,True,
image_1a954771382eed19,img_187840.jpg,img_187840.jpg,deeplure,,.jpg,17307,471,471,3,1.0,952d7ff370ecfb46795d32cf6eee5aa39cd9a9d6acfffa27cc752494c8ab32bd,True,
image_a68720e0dc03715c,img_221213.jpg,img_221213.jpg,deeplure,,.jpg,109251,908,908,3,1.0,188e8969ab28533629370c9996b9e0250f081e1eb38a605ca3c2fb53e7d0d7fc,True,
image_d560b8ca09d5f53b,img_232079.jpg,img_232079.jpg,deeplure,,.jpg,154550,1085,1085,3,1.0,96e3c1d3942a998967c9af6e0a4135ef6c9bbf9e19e3a2aea7d51f443f7389c4,True,
image_e7b6e284112e090e,img_239226.jpg,img_239226.jpg,deeplure,,.jpg,143244,908,908,3,1.0,59ccfe289a7a5d93570dbbbf3e9bf95f0e998a730298214c1cc954c5490c099e,True,
image_5b47a00e7b31ef05,img_246391.jpg,img_246391.jpg,deeplure,,.jpg,58531,632,631,3,1.001585,50e5749c437b2bf89013f3f8bd406feaa0d78d6fe1b26094a72ff22426ac2f04,True,
image_e0590bd041a682e5,img_246854.jpg,img_246854.jpg,deeplure,,.jpg,33472,641,642,3,0.998442,275e7e7c31056b83b3924c4142ec64b066c444144c6e7528a3d4e41db10949a0,True,
image_327821b41cc9d450,img_2469.jpg,img_2469.jpg,deeplure,,.jpg,41114,642,641,3,1.00156,61b1f66ad72f7cb911671dc2844482e39f15e8ee2b908b797a63a5006eab1826,True,
image_89db5e094a06ad3c,img_257108.jpg,img_257108.jpg,deeplure,,.jpg,37305,610,610,3,1.0,9479f6c9ed0f0a1f716de025b5a92f99fe11da7c6fb94bbef58fd4a22be1bbcf,True,
image_2140198ae9e7583a,img_259893.jpg,img_259893.jpg,deeplure,,.jpg,62020,664,885,3,0.750282,77ba8f8b944e24201800401f6fff9a336aaf968e10cfd93ca922c4f1c9f5e1d0,True,
image_8b4a1b45df3cda45,img_260919.jpg,img_260919.jpg,deeplure,,.jpg,58637,641,641,3,1.0,345f6f094b44e4501f90a473bb0f74b8431790ef7bc9e40cf5476d979a61e0a3,True,
image_cabffcf9d45f39a3,img_261444.jpg,img_261444.jpg,deeplure,,.jpg,39025,610,610,3,1.0,0e1dc53128dfc9d8bb5c7e3f69669e19f481f2df5bd23805b076a718c71a3d05,True,
image_9de816401791c64b,img_26850.jpg,img_26850.jpg,deeplure,,.jpg,254016,1375,1376,3,0.999273,043556c4bfe5b5b9b3cf2e5d6d8184950d2a299d03a3f10892fe2d8666cfbfa7,True,
image_7f5b61e093339a88,img_270633.jpg,img_270633.jpg,deeplure,,.jpg,181488,875,875,3,1.0,c250cbe1fb5f8412cde30bb530fb00d10d4915dacabdf816935562f45f1aa591,True,
image_a72091582c0f8b90,img_275183.jpg,img_275183.jpg,deeplure,,.jpg,26933,485,485,3,1.0,5f6a7c95ae60d2765f4ad697a31bf306760269e7ca1c6c0abd5de992e040d2c7,True,
image_c691a01a0e8e7e40,img_277936.jpg,img_277936.jpg,deeplure,,.jpg,502066,1285,1286,3,0.999222,597ccaac268bc10048e9ea0f47519fc83c4eef1184700f38a997f235d081f59a,True,
image_95e887fec8097467,img_284975.jpg,img_284975.jpg,deeplure,,.jpg,72873,919,919,3,1.0,efa6c5b757153819255f1329287e45212089e174fdd894fe09fcf6d560a36d83,True,
image_9082510e6c8a6af4,img_289910.jpg,img_289910.jpg,deeplure,,.jpg,512665,1285,1286,3,0.999222,7c0d160f3abfb0d873568a43f808c6dc313a30ca8307e7d29722fc7d91038f3a,True,
image_75cabe03b9dd28a9,img_307484.jpg,img_307484.jpg,deeplure,,.jpg,131148,893,893,3,1.0,516895c0de5a27b0d9914c71203fafba923e95181532ba13baa60473a8b1ce33,True,
image_5b9abba72cfd966a,img_314642.jpg,img_314642.jpg,deeplure,,.jpg,45036,629,629,3,1.0,ab45ba16a006e1d9343fa6f63b7d1694d14b1ff6c2baab46743afc18a0e5dcaf,True,
image_adf2c06ec29a4ac7,img_316470.jpg,img_316470.jpg,deeplure,,.jpg,39384,662,662,3,1.0,3c0cf9d6f9bda1b0ee2fa5629f2f7499b30a93f1f8328c6eaa160715be0b8a79,True,
image_59d3f92ca164bfda,img_325344.jpg,img_325344.jpg,deeplure,,.jpg,208327,893,893,3,1.0,9d46c5c3252baadf2896d96c2ca49c708306fac3ec41fca20f252d827ea5bdb3,True,
image_fcb03920c025bdbb,img_32852.jpg,img_32852.jpg,deeplure,,.jpg,43991,642,641,3,1.00156,7485e47c360f5a9be8a66a8f249857438b4480561451d3b122b7937d9c93142e,True,
image_880b80909cde541b,img_337700.jpg,img_337700.jpg,deeplure,,.jpg,37049,656,655,3,1.001527,851659eea215df23eec7d65cf81e07a55a1ce3daf47fc3f7b16dd98102d72de7,True,
image_918779dd59959f55,img_339968.jpg,img_339968.jpg,deeplure,,.jpg,75305,985,986,3,0.998986,c3be293261f9c2de653e5b3c4501281a576f9fffccea96b0e78d081842010881,True,
image_149c85f3e518c480,img_341437.jpg,img_341437.jpg,deeplure,,.jpg,330738,1376,1376,3,1.0,9786ac1902a38d27d9073e57064346ac6d0e7363e9d084c69c49e3caef6e6240,True,
image_36e8faeabf684209,img_346343.jpg,img_346343.jpg,deeplure,,.jpg,239208,1086,1085,3,1.000922,87fc20b99642364805ecb0a24380fd57d13cd8eb7434b64f7d07eb6747d2d772,True,
image_f5779f934a76910e,img_354459.jpg,img_354459.jpg,deeplure,,.jpg,175991,1511,1512,3,0.999339,cd6ce1cac258632ed6dcfb5f78cd94d0f55138db66482759faeebcc760107c0a,True,
image_8ea0b66c09cb78d1,img_357974.jpg,img_357974.jpg,deeplure,,.jpg,39519,662,662,3,1.0,1e266ba788e733a746ae8facac83ab57eeac4af48645c4dcd362d222c46b1d89,True,
image_76cab516544a795e,img_364174.jpg,img_364174.jpg,deeplure,,.jpg,187936,908,907,3,1.001103,03af20dbd703652e8b9ebf527d2ccd4fd0b2c97cbc29ed6a8537c9c6ff8b6373,True,
image_fa4949a3f10ea376,img_364907.jpg,img_364907.jpg,deeplure,,.jpg,24626,589,590,3,0.998305,74758218721482a1f35a8b4a885bbc5c9288f00e52b2d465209286d1b4621b73,True,
image_16c05fea20faad9d,img_366604.jpg,img_366604.jpg,deeplure,,.jpg,41617,662,662,3,1.0,56cd3896a6f91b5c526aee67977ed57b5097de463bd72c417946727eea704f17,True,
image_4180f1b266b2bba1,img_369469.jpg,img_369469.jpg,deeplure,,.jpg,38683,656,655,3,1.001527,505a42149c35c0cbf5a4881513cef847df75331e09f6ba40ee788a2ac9297e12,True,
image_298e1bccbee7e09a,img_37489.jpg,img_37489.jpg,deeplure,,.jpg,63547,919,919,3,1.0,6e9400d925aa64c83761985fee698b4fdb65b03bcb0e5de016ff27b95afbf368,True,
image_68e821d9aa8b82fb,img_381577.jpg,img_381577.jpg,deeplure,,.jpg,38728,610,610,3,1.0,fec5cac97c52e63f624a64b1ea1689d0725f0c12fdae0de986194cc556c810a1,True,
image_10a304fb708a44ba,img_385960.jpg,img_385960.jpg,deeplure,,.jpg,48185,708,707,3,1.001414,d89c5493630f5cdc64167e9cf80adfd80fa613e188a1e6d6dac7dfb3a782be56,True,
image_dec40284b9c01496,img_386972.jpg,img_386972.jpg,deeplure,,.jpg,21777,589,590,3,0.998305,d1f85a068d6bde421f40f7e06b1eb4b2ad57551ac3ce18bb13a5f692056fb8f8,True,
image_9693285e237b99ed,img_393000.jpg,img_393000.jpg,deeplure,,.jpg,18866,567,567,3,1.0,c3ea736add94fe5815630be671c510c807da3cff8837cf0a2c375515a9a8892b,True,
image_74c1d0a5d9d5bd99,img_399807.jpg,img_399807.jpg,deeplure,,.jpg,349173,1185,1185,3,1.0,2a214fcd10778152dac6b379eb9f48b6521e677091ebf85cd1c066d502fac503,True,
image_bcc953a999f80d96,img_40145.jpg,img_40145.jpg,deeplure,,.jpg,29377,486,485,3,1.002062,10bae97db1909ce76bfb4f8fd485d57ff4eec7b2d7c08560a50770082714daec,True,
image_1c3891e8a7fae900,img_403289.jpg,img_403289.jpg,deeplure,,.jpg,4081,226,226,3,1.0,bb31016792a2d5ce55103309d0e3f51bc60d659e74ead7a17a947cec3c48e126,True,
image_e173e45cf58dd6e1,img_411083.jpg,img_411083.jpg,deeplure,,.jpg,71057,730,730,3,1.0,6f24f48c5c454997d90bc43d51ecc429d27148eed4f9dd95f6aa8ac8ee9da34f,True,
image_af4a2cbf4321496d,img_413996.jpg,img_413996.jpg,deeplure,,.jpg,26682,598,598,3,1.0,34a90cc33ee3ea65b48904de0253505f72e08292cbe1f203c76108e3c5e2120f,True,
image_6e7af1d6f90df1c8,img_417511.jpg,img_417511.jpg,deeplure,,.jpg,273330,1367,1367,3,1.0,77dd13305c6d9975c24a6b5138d17b0a03f3ffb198ba33fec48a222e935bd822,True,
image_815e1b99aa070d26,img_429922.jpg,img_429922.jpg,deeplure,,.jpg,52159,642,642,3,1.0,5ed4db87ea97659ac419118c767670c7642c95889552ff8c44e8a9f294897dbf,True,
image_ade3e841cbf7111b,img_433250.jpg,img_433250.jpg,deeplure,,.jpg,5382,227,227,3,1.0,39c73cd3505be977c0821937157dc8fe17fc7735a16dedb404f5fe3963658bb5,True,
image_81d65f907a2a0bca,img_442389.jpg,img_442389.jpg,deeplure,,.jpg,53145,632,632,3,1.0,e39d575ab06687ef0a8b73d975381b61fbf4bd5488fecb1f7d97f85821bb6359,True,
image_fcfe201cbf09c019,img_445986.jpg,img_445986.jpg,deeplure,,.jpg,246961,1186,1185,3,1.000844,5a2008abbcfb776292f59b37b77bb381f26efb3fcf156f2f8ab244a6660c1ebf,True,
image_34bc23cb5a6d00c1,img_447852.jpg,img_447852.jpg,deeplure,,.jpg,278865,1511,1512,3,0.999339,55510c0f592744e358966fe7fa2067c6e1b18b19dc2b47a7afd4d1a9a826e194,True,
image_3481dfcd5d825061,img_450212.jpg,img_450212.jpg,deeplure,,.jpg,26709,598,598,3,1.0,bf273d22934fd504f3d86e0cfba0ed20ba285d64f5d31f55376c1f1bf265740a,True,
image_ebed102db92cb8f9,img_458235.jpg,img_458235.jpg,deeplure,,.jpg,4654,227,227,3,1.0,d06d715ad70859e1570c61da8d5707ea65bf963a17ae3d62250d5c80fe198b4c,True,
image_f9e854a37b6f7d5b,img_475101.jpg,img_475101.jpg,deeplure,,.jpg,502146,1285,1286,3,0.999222,7a69b8dbae71c3c7b09a20389cdca5e106c3185e48db6b1b7c0830d79c29ede5,True,
image_5353f532cbb44f91,img_475851.jpg,img_475851.jpg,deeplure,,.jpg,36965,582,582,3,1.0,c57e5a21f8ba8ea9623bb5611fe1e1ef8a2e1f26c37bf6571fec1edc3d5e196b,True,
image_50dacf108b99e89e,img_477984.jpg,img_477984.jpg,deeplure,,.jpg,28584,598,598,3,1.0,a803e79eef3654d1ac19549b82ee16e5734cc8c0b69d485b23af7d9d556d39fc,True,
image_ff0ba2f57402fbd4,img_478598.jpg,img_478598.jpg,deeplure,,.jpg,196785,894,894,3,1.0,7d8e8a939f4ae954c127e50b1fb542de2d8449e60957fd964cc52b38456679a6,True,
image_a71a9c57459013b1,img_48234.jpg,img_48234.jpg,deeplure,,.jpg,24308,553,553,3,1.0,94d7c1eb91279101cd6747379b2b9af0e532585f5097fc9d4a4603dbef7ebc2c,True,
image_c6c891c8cd7b067b,img_48825.jpg,img_48825.jpg,deeplure,,.jpg,511372,1511,1512,3,0.999339,f50bbc0cf2fe65df3b671ca65c16d65ad1987bce8693149e51a1a5eef2fc4f2d,True,
image_7023ca0ad472d22d,img_489839.jpg,img_489839.jpg,deeplure,,.jpg,238059,1260,1259,3,1.000794,4d22c66722a96e962f24e294b0a8086bfc50b6f3a738fd4192e2245f24cf9e2b,True,
image_5e85e03217712073,img_519993.jpg,img_519993.jpg,deeplure,,.jpg,25093,589,589,3,1.0,85d9b98f3f3eb262443151377ca34015a32420368de4a44651fa1f4d749be521,True,
image_5e6c00299970938b,img_524137.jpg,img_524137.jpg,deeplure,,.jpg,130840,919,919,3,1.0,5606de476e92c6b74e7e7e923308706502f4690f685c7bd9fb5479ed6a8dc1d5,True,
image_b43f8de10c2c79e6,img_526657.jpg,img_526657.jpg,deeplure,,.jpg,28827,553,553,3,1.0,04e246a8aa0fbf5f3fb63605723576dfdf1bb35799a205ac2a26c13b44012cc2,True,
image_e9728cbe97852dca,img_529952.jpg,img_529952.jpg,deeplure,,.jpg,116953,664,885,3,0.750282,0a28fb9b0acd71333c373c0dec052a5ee40b367d1486c7bd4c9961ea0cb2ed6a,True,
image_46b4daf26b6d4f03,img_540343.jpg,img_540343.jpg,deeplure,,.jpg,37997,656,656,3,1.0,ae7d0b5192bee7575372e3597044473e66141e23157f3a40e1841aba329c9815,True,
image_ae30e5b1ca8dfcdb,img_541390.jpg,img_541390.jpg,deeplure,,.jpg,283835,1376,1376,3,1.0,141213a95acb229b9e52e898c99ba52afeb735e4181eed7bc3a22071472d78b0,True,
image_f8ee9f4c3ba8d304,img_5447.jpg,img_5447.jpg,deeplure,,.jpg,27715,554,554,3,1.0,0dc968e8b4c54fd55be776fee20e46e115b43b6dea72ce2a592996da2a2cc9a4,True,
image_17ccedb854d830fe,img_54863.jpg,img_54863.jpg,deeplure,,.jpg,25972,493,494,3,0.997976,70db652cf1d5aa71c25ff4269628214121aa198f34190504937dad170f239194,True,
image_5ce5e169537a4b73,img_556574.jpg,img_556574.jpg,deeplure,,.jpg,29053,485,485,3,1.0,30f925ddf5f6f1fe252b890c1396b0b849c5ff096fc8c6578060c4e6403b7a00,True,
image_ef2b7322e830f02a,img_55880.jpg,img_55880.jpg,deeplure,,.jpg,44577,629,629,3,1.0,d711973b42236bf525a8d9e61c6d13185926fc1bde0f4305981fc17cfe15c132,True,
image_0497b5cf4ab3fff6,img_565213.jpg,img_565213.jpg,deeplure,,.jpg,47854,641,641,3,1.0,bd1e47bf9f458046b6a344cb071bfc6b273c7923d7026ff5575929e257df60a9,True,
image_759d826816e9d2af,img_568910.jpg,img_568910.jpg,deeplure,,.jpg,61489,730,730,3,1.0,12b3b82407cfed711ae5369eb396faa478648cb0b46572965d53094970cc1746,True,
image_0e328cc1a8b006ef,img_578081.jpg,img_578081.jpg,deeplure,,.jpg,23494,493,493,3,1.0,d3391486b89a9f5621c354d377be23374e4797929e7cd911e1e15cfbe5b98c2d,True,
image_bf97c8d03f1a2c83,img_578936.jpg,img_578936.jpg,deeplure,,.jpg,453465,1286,1286,3,1.0,725949740c4a5ca1beb7df60b22b7685043f3695991e690bf782d3c5396ddc0c,True,
image_0e13ead12eef4a2b,img_57969.jpg,img_57969.jpg,deeplure,,.jpg,19086,566,566,3,1.0,9628722875941eea899feca129250b99e818a4d9a77ebce31188397b7f6c31e7,True,
image_0fb0179bc7cec510,img_583723.jpg,img_583723.jpg,deeplure,,.jpg,37624,629,629,3,1.0,bbda48421172576360dfab76e0570f4bbc035046cf491ba1f7f5d770deb9ef23,True,
image_fbdcd771560d0512,img_586052.jpg,img_586052.jpg,deeplure,,.jpg,28032,590,589,3,1.001698,a68cdf3dea81b92cb0a0534e6a0b45b191d946247c99f15dd99bf92a14b8ec8e,True,
image_a206e1b18ea8ae50,img_586537.jpg,img_586537.jpg,deeplure,,.jpg,40046,629,629,3,1.0,6bc30c46c5f572922f5193368196ac06e561dc84312fa515a17158d685eccfe1,True,
image_1ef2535d5cb53ce2,img_590289.jpg,img_590289.jpg,deeplure,,.jpg,16475,471,471,3,1.0,1b4ff2b572a3cef54313e16e4fc1434e2814f54985c0aa0c1b7c7bd27482d879,True,
image_a34ef56e9b3c7655,img_591020.jpg,img_591020.jpg,deeplure,,.jpg,38956,662,662,3,1.0,6ab7300c0b3e3542c25ca31b415bebd0cf92ed073fc64f9624379fab79688903,True,
image_d28b5d04a4fb3b79,img_602896.jpg,img_602896.jpg,deeplure,,.jpg,22424,590,589,3,1.001698,7dfea5431d492e768d2fde6a7685ce9d3d9c88411f53a322f269f90833d54e80,True,
image_280e69f90cb24f78,img_614731.jpg,img_614731.jpg,deeplure,,.jpg,111143,1086,1086,3,1.0,a19239129665c44694610fffcdb4fa8fb3462f7dd43a0d3b7e4d1490d79074b2,True,
image_b4a19a573c86809b,img_61951.jpg,img_61951.jpg,deeplure,,.jpg,41086,656,655,3,1.001527,9b23773766102d7e8231b09524afabbacc797a1436db836950c72cefc980a3c7,True,
image_701da5276f589389,img_632748.jpg,img_632748.jpg,deeplure,,.jpg,6410,227,227,3,1.0,52aa8ace5e7dea12d2405cd962cf17811539ded12b5ddceb76e72744d581f151,True,
image_a1fc5e2659bdbc96,img_635336.jpg,img_635336.jpg,deeplure,,.jpg,25137,598,598,3,1.0,b47125b2c83e4103a13120189b78a8a72ebd5529b12bf11d36154867f1242783,True,
image_126f1182c1276f7f,img_635738.jpg,img_635738.jpg,deeplure,,.jpg,155937,1085,1085,3,1.0,53aa76a94645530747ec35cbaa49d8c01f3e070914a192b659b41b1bba81a225,True,
image_0e1080461797c597,img_635895.jpg,img_635895.jpg,deeplure,,.jpg,276454,1375,1376,3,0.999273,afbe6ffeaf5c1ccf0520e044e5e1c8edc0ae37ce52ef35bf8cedbce48e07ff6d,True,
image_c72d0ad1ef7410e0,img_636938.jpg,img_636938.jpg,deeplure,,.jpg,26356,567,567,3,1.0,254c7a25972820d79bcf4e8de309167cbee914d65ff6adb43206c425cadbf143,True,
image_03b28a439b2f4f25,img_638094.jpg,img_638094.jpg,deeplure,,.jpg,22776,590,589,3,1.001698,ceefe5e92554d3b6bd5355c9c3e14bed3946d626ec5f9f6b29ac8333568aafb8,True,
image_2c4570b4c25170cb,img_642784.jpg,img_642784.jpg,deeplure,,.jpg,34821,656,656,3,1.0,82909791b5e3e30d1dfbe7ea2b52b7aff986016d9ca59892d7149fae2b173ee5,True,
image_f87ab3e1665bf9e2,img_643949.jpg,img_643949.jpg,deeplure,,.jpg,37756,664,886,3,0.749436,b349dbabc82f0921ea88c2c41806cb288cb55c6622cadcf9d9fc785844770f98,True,
image_2caa68ea42e50e37,img_648754.jpg,img_648754.jpg,deeplure,,.jpg,25509,598,598,3,1.0,565f46402cfc8f49c520de175dc618a086133f01903f773d9933eccb1059fed8,True,
image_4744bc112814a5c7,img_649782.jpg,img_649782.jpg,deeplure,,.jpg,42315,630,630,3,1.0,acf3d1b295ef7f4f011bcf498e8c00612e0185edceedce8cbd61b846b1f0055d,True,
image_c40f977f1af69e0b,img_65263.jpg,img_65263.jpg,deeplure,,.jpg,184517,1368,1367,3,1.000732,e872975adab6792fb074a300e345864850bdcb625db7a81aa4c98be7813b8a6e,True,
image_a34fce433146544e,img_667809.jpg,img_667809.jpg,deeplure,,.jpg,153364,874,874,3,1.0,84f25a39f6abd0b9b84db94464e62ceafed498e1ac6c6ac3d4f4313000f7bbe8,True,
image_55549fe29a1f1db5,img_669675.jpg,img_669675.jpg,deeplure,,.jpg,119781,730,730,3,1.0,2e7225df8fa4301f078d1889533a2c6a662c4ad84bf474b49017a58ca95614b0,True,
image_5b79299828f4d366,img_67123.jpg,img_67123.jpg,deeplure,,.jpg,199077,908,907,3,1.001103,c7d629536c5ea24b21d9ee54d54ea3ba317ab181cf945c6e1e7e537ca93aed23,True,
image_f5f302c2b8991aae,img_677180.jpg,img_677180.jpg,deeplure,,.jpg,13055,470,471,3,0.997877,9894fb629758bbc3f0ec2d7ec77f0317bc42831b92c92f91b1b929e68aefa052,True,
image_6aec2141879c9201,img_678178.jpg,img_678178.jpg,deeplure,,.jpg,473106,1512,1512,3,1.0,cd44dc7083579984ea89a253072c895c5054bf67f587a8de838cbf0322bec007,True,
image_a0d7a83e5d124f86,img_678193.jpg,img_678193.jpg,deeplure,,.jpg,168099,1367,1367,3,1.0,44d8a40b0514f3978617ca07f256d34dcf83870bc956c5dd03064cb3e497a49f,True,
image_f63dd935b197b2ef,img_68235.jpg,img_68235.jpg,deeplure,,.jpg,94872,1085,1086,3,0.999079,d55260024f6e5ac827b5c2dc51c64c63fe8f9faa02a226eefa7771bd13af166c,True,
image_ab8bd941d09d5e43,img_688109.jpg,img_688109.jpg,deeplure,,.jpg,25644,493,493,3,1.0,2ac9fa3f5c0f0a7e49094b3caddb9f4d3459a80f2829a0a8b020460d4c6fec2f,True,
image_25136e9e3361c6b6,img_694883.jpg,img_694883.jpg,deeplure,,.jpg,205317,1259,1260,3,0.999206,9ce9a1d2227a816966ef44cfc1806634348d7972de384746e196601c6f79badb,True,
image_a21b186aad133c05,img_710186.jpg,img_710186.jpg,deeplure,,.jpg,14989,471,470,3,1.002128,87b97e03662f4281eed3f6aaa2e0939aa29150be15c4217a069a3b134c67b39c,True,
image_0d48fed73815d9b2,img_7150.jpg,img_7150.jpg,deeplure,,.jpg,23623,485,486,3,0.997942,b87105d00c183410adbe18ee71a79bf621d047bd912875d9458d468eee2504c3,True,
image_0edeec6d587ec85c,img_718326.jpg,img_718326.jpg,deeplure,,.jpg,43965,708,708,3,1.0,94bb439f9de3e0ab038e3dee1c8e20c8d7de436f198e69960f4e31deaf7149fb,True,
image_879dcf78bcbfca59,img_726717.jpg,img_726717.jpg,deeplure,,.jpg,38748,582,581,3,1.001721,b10d0a9982b773377686c73a0dad412f2c3f4f5cd056b623a3af4ae2b05e739b,True,
image_291b9bc61fdbaac8,img_738703.jpg,img_738703.jpg,deeplure,,.jpg,78128,730,730,3,1.0,cc4cf0936d96a8fc5a14a4475d6250e5a67eec0820b8394517535c33037114b1,True,
image_3c15c3f0e660bb06,img_741740.jpg,img_741740.jpg,deeplure,,.jpg,54226,631,631,3,1.0,3f797e6cb2c1fb7664bfe7d61f714a309db27c55ae692a34abf17d9a2f6fd1c8,True,
image_9db48a7ba4f6ac4e,img_744464.jpg,img_744464.jpg,deeplure,,.jpg,191935,1185,1186,3,0.999157,1c1371979134db601b669b46c68039e81a8fa2e57fe83ec6b29613e32a2231e3,True,
image_2cd1d55d85baf10e,img_746861.jpg,img_746861.jpg,deeplure,,.jpg,24021,494,493,3,1.002028,0a26b801b1e032f22f773fc44d2c6ad5aad7c74b6bbd0d8a0b6bdc54ae69443f,True,
image_c205f51afbf47170,img_748887.jpg,img_748887.jpg,deeplure,,.jpg,165839,1186,1186,3,1.0,d87c3adee9c94a51f0d0b8432d157b30694f7f605d3791633cc5183de29efe11,True,
image_1592ae5abe98584e,img_764354.jpg,img_764354.jpg,deeplure,,.jpg,81023,985,985,3,1.0,e81c72ff1819d4e9b2b631044709f26d64edb6cfe3ecd8b3f4152539f5b919ad,True,
image_ebb45eb54df632c1,img_770334.jpg,img_770334.jpg,deeplure,,.jpg,83810,664,885,3,0.750282,0ba292ae0fe052261c95069342718f1646164b9dfa4d73bcfd81d3d6d78da6fa,True,
image_95c3e78241056ddd,img_776505.jpg,img_776505.jpg,deeplure,,.jpg,38919,581,582,3,0.998282,9ff4d81673efd9a0f7a0a3ca31656240c9d64cd15eae9f0716c1ba47eca5f87a,True,
image_08d0c847c854231b,img_789127.jpg,img_789127.jpg,deeplure,,.jpg,355530,1259,1259,3,1.0,bac0ea066ed36416703c05f45302db3bdc4c4fef0801cca7e31d3550bd63e103,True,
image_633c1f9b1b0c72a7,img_801823.jpg,img_801823.jpg,deeplure,,.jpg,34091,664,886,3,0.749436,45c7558c7560e10cf8d4aeeb15165eed63798f5f31e3698fe6fbe03a9edc64fc,True,
image_d2e7fd232da1e11d,img_804542.jpg,img_804542.jpg,deeplure,,.jpg,43767,641,641,3,1.0,d1f9ef329f215b14bb48d4145d0daf3de4c199c82cbf360176898643d21fba7f,True,
image_7c0257ad6ee8cf21,img_808059.jpg,img_808059.jpg,deeplure,,.jpg,5626,227,227,3,1.0,564482ac5179976fc93f27e3a0a55e505c7909a04a4db076d82f7b8205aab8bb,True,
image_fbb45996fe9eb1e0,img_82256.jpg,img_82256.jpg,deeplure,,.jpg,327916,1368,1367,3,1.000732,9a2bb6b8a90cc3d9c1ef0b6cb03f215173ece9ee5066b1e0cdb56dc3ebea5689,True,
image_860c9fbc025ea66b,img_822729.jpg,img_822729.jpg,deeplure,,.jpg,34155,581,581,3,1.0,68b4b13fc0c469f627f5c8950cb5406cea0df8430f30445592e717509b511d15,True,
image_af3b2b8364a0f174,img_828414.jpg,img_828414.jpg,deeplure,,.jpg,27190,589,589,3,1.0,068ec351da27ab5e255ca3561cb12b7b9040bb2ec1b6723094cf13c6ac95fecb,True,
image_209f8f798949a10b,img_834923.jpg,img_834923.jpg,deeplure,,.jpg,333600,1375,1376,3,0.999273,92f8e312451dfc8fad53df0108ec424784419d89cc726e25a7f4aad037e3d681,True,
image_1b1749e725b57038,img_845893.jpg,img_845893.jpg,deeplure,,.jpg,34044,610,610,3,1.0,ced142a869474adb663ee00b8491e0f4ceb24917c86081bb02bf3c09e6853f46,True,
image_0d42650188e16f6c,img_85121.jpg,img_85121.jpg,deeplure,,.jpg,23767,590,589,3,1.001698,d9c6b80d2446c955795f65ccb280608881e139fb409ad5b49ba63f1ec83f3829,True,
image_959f5ea12052c184,img_86754.jpg,img_86754.jpg,deeplure,,.jpg,27748,553,553,3,1.0,2e30b4d06a0bec05059898a7179e88e73774b935eaea11b0479e89de46e1f1de,True,
image_c9943d0c9c445090,img_874118.jpg,img_874118.jpg,deeplure,,.jpg,44396,708,707,3,1.001414,959092111c5eb0ac8229894cb6b8e31728ce56956610f22f6e1fe4ddad3d51f9,True,
image_c123e8a3a801e825,img_881252.jpg,img_881252.jpg,deeplure,,.jpg,165413,874,875,3,0.998857,2027acb6eb0e5584f16195da9193bf106c71de4bc1b21b3e1e55617625208f08,True,
image_6a3eb3a41a9c6301,img_884336.jpg,img_884336.jpg,deeplure,,.jpg,173355,1512,1512,3,1.0,0d6906790a004b6195cf11d500aa386665ffcd9fee48d50afd46e66571f55908,True,
image_f8c9f2dd2f4514fc,img_889324.jpg,img_889324.jpg,deeplure,,.jpg,20235,567,567,3,1.0,7cd9bda626464ee85f8ac5d62d5c7052de52442e0ab3ceb1a36b1d04c0594a39,True,
image_382db6555dbef788,img_892336.jpg,img_892336.jpg,deeplure,,.jpg,23586,589,589,3,1.0,12ce5c0dd35b3cb4157d842328eb4e465c7167e21819f370266a918a403b3b04,True,
image_01cfe46ca69e525e,img_895368.jpg,img_895368.jpg,deeplure,,.jpg,40141,641,641,3,1.0,b673df73f51712b6800f9d6069fc6483576919be9a5a9a17e6e5b9d379434f88,True,
image_f7713a54fbda632d,img_897203.jpg,img_897203.jpg,deeplure,,.jpg,27673,553,553,3,1.0,a639a559c32bba25a25cb4e25fbcdbcde2f12b0a02ab9f9d0eb7aa0d0b3d297e,True,
image_60fa1b6cdb01ae17,img_90832.jpg,img_90832.jpg,deeplure,,.jpg,185637,1260,1260,3,1.0,13e568f57d24e471339e4f8177007e17724fcb65496d5f4cc34e9b7de96dcc7a,True,
image_442467c496db434a,img_915919.jpg,img_915919.jpg,deeplure,,.jpg,157629,875,875,3,1.0,d78f0c5b00ae91392021b3ab4765798f38f97f863f8446a8e3d6bd5d7fc40905,True,
image_acc7694bd8554bbf,img_917853.jpg,img_917853.jpg,deeplure,,.jpg,46347,708,708,3,1.0,3a8f41bbfedd6eec7ae0fd21b433b36e8480904748cec8c70dfadf047440ad74,True,
image_2268206dd9c43a08,img_927463.jpg,img_927463.jpg,deeplure,,.jpg,58956,641,641,3,1.0,82ee8f3f69b41cc7100ffd347c969f5ae40cf6d6c25eac44998ad7b51b05d96a,True,
image_4fef4f49829efcbd,img_927947.jpg,img_927947.jpg,deeplure,,.jpg,171719,908,907,3,1.001103,e275e37cd5595350c7ed3c03b5e4a353a4f6495ffb9f8b42701ee58fb3faa90e,True,
image_0c1143c96f6811b9,img_94825.jpg,img_94825.jpg,deeplure,,.jpg,38955,662,662,3,1.0,1642aaac4b6c50ac5a2ee986b0c4bdcc99bd357c574f215a49196cea0b8f3557,True,
image_04572f5488987175,img_955789.jpg,img_955789.jpg,deeplure,,.jpg,52620,641,641,3,1.0,1103f9194f8f52f52159cd84e63f6c642afc2c65dc11ac54d609187d80b5595a,True,
image_1d2d5596d595d7cd,img_960789.jpg,img_960789.jpg,deeplure,,.jpg,197797,1512,1512,3,1.0,12e2775af41a73eacf979f16bd28522f8ab086c466292c790c72a4611fc662bf,True,
image_297a0991220cd19e,img_961476.jpg,img_961476.jpg,deeplure,,.jpg,66625,986,986,3,1.0,eddac3763d0510f326855f834dfa035f3193de411fccc7047ede4cc72587ad87,True,
image_2cb935904e66e1f8,img_966256.jpg,img_966256.jpg,deeplure,,.jpg,25144,494,493,3,1.002028,68f65f0159ea4b63017759c8ef306fddb6334d88827514f956e73e2f6bde941f,True,
image_4a05b077cd0824b1,img_978752.jpg,img_978752.jpg,deeplure,,.jpg,76387,985,985,3,1.0,88f7d64aedf6f716225f6266230b51a50164694d46c4e0fd695ad1f7089463d2,True,
image_ccbe6a4cfb54e515,img_981759.jpg,img_981759.jpg,deeplure,,.jpg,205594,893,893,3,1.0,678d225a4c4aa27bd1981ef0a8010f3103aa567eec8a673cea4d825b8a1a0c39,True,
image_22d117d643c7bde9,img_982056.jpg,img_982056.jpg,deeplure,,.jpg,19977,567,567,3,1.0,db7c85dd97984ad5607a6d1fe3600089cd41f0208cd6e5c323934b080d010f51,True,
image_15109427ed2d9ff3,img_987571.jpg,img_987571.jpg,deeplure,,.jpg,68780,918,918,3,1.0,736ee0346a35e0240966442fbfb827318dfa35239dba14b38856716264c63039,True,
image_6c5e4f0e11e3185b,img_987632.jpg,img_987632.jpg,deeplure,,.jpg,53165,919,919,3,1.0,f6dc8dbe0807d29c4fc7a774609b224d35732a8a48a8fb3c05131e80f74a68d1,True,
