image_id_1,image_id_2,label,pair_type,color_relationship
image_f7713a54fbda632d,image_b43f8de10c2c79e6,1,positive_cross_colorway,different
image_f7713a54fbda632d,image_f8ee9f4c3ba8d304,1,positive_cross_colorway,different
image_cabffcf9d45f39a3,image_68e821d9aa8b82fb,1,positive_cross_colorway,different
image_0e13ead12eef4a2b,image_22d117d643c7bde9,1,positive_cross_colorway,different
image_cabffcf9d45f39a3,image_89db5e094a06ad3c,1,positive_cross_colorway,different
image_0e13ead12eef4a2b,image_f8c9f2dd2f4514fc,1,positive_cross_colorway,different
image_a72091582c0f8b90,image_1bd3e4d3f4ecbc34,1,positive_cross_colorway,different
image_f7713a54fbda632d,image_959f5ea12052c184,1,positive_cross_colorway,different
image_f7713a54fbda632d,image_a71a9c57459013b1,1,positive_cross_colorway,different
image_0e13ead12eef4a2b,image_c72d0ad1ef7410e0,1,positive_cross_colorway,different
image_a72091582c0f8b90,image_0d48fed73815d9b2,1,positive_cross_colorway,different
image_591fc513850ce250,image_297a0991220cd19e,1,positive_same_colorway,same
image_fa4949a3f10ea376,image_03b28a439b2f4f25,1,positive_same_colorway,same
image_fa4949a3f10ea376,image_0d42650188e16f6c,1,positive_same_colorway,same
image_fa4949a3f10ea376,image_af3b2b8364a0f174,1,positive_same_colorway,same
image_591fc513850ce250,image_4a05b077cd0824b1,1,positive_same_colorway,same
image_fa4949a3f10ea376,image_382db6555dbef788,1,positive_same_colorway,same
image_591fc513850ce250,image_1592ae5abe98584e,1,positive_same_colorway,same
image_f7713a54fbda632d,image_03b28a439b2f4f25,0,negative_different_colorway,different
image_0e13ead12eef4a2b,image_68e821d9aa8b82fb,0,negative_different_colorway,different
image_cabffcf9d45f39a3,image_1592ae5abe98584e,0,negative_different_colorway,different
image_0e13ead12eef4a2b,image_b43f8de10c2c79e6,0,negative_different_colorway,different
image_591fc513850ce250,image_b43f8de10c2c79e6,0,negative_different_colorway,different
image_f7713a54fbda632d,image_4a05b077cd0824b1,0,negative_different_colorway,different
image_cabffcf9d45f39a3,image_f8ee9f4c3ba8d304,0,negative_different_colorway,different
image_591fc513850ce250,image_382db6555dbef788,0,negative_different_colorway,different
image_0e13ead12eef4a2b,image_a71a9c57459013b1,0,negative_different_colorway,different
image_f7713a54fbda632d,image_c72d0ad1ef7410e0,0,negative_different_colorway,different
image_a72091582c0f8b90,image_959f5ea12052c184,0,negative_different_colorway,different
image_a72091582c0f8b90,image_68e821d9aa8b82fb,0,negative_different_colorway,different
image_591fc513850ce250,image_0d48fed73815d9b2,0,negative_different_colorway,different
image_cabffcf9d45f39a3,image_1bd3e4d3f4ecbc34,0,negative_different_colorway,different
image_fa4949a3f10ea376,image_0d48fed73815d9b2,0,negative_different_colorway,different
image_0e13ead12eef4a2b,image_0d42650188e16f6c,0,negative_different_colorway,different
image_fa4949a3f10ea376,image_1592ae5abe98584e,0,negative_different_colorway,different
image_0e13ead12eef4a2b,image_1592ae5abe98584e,0,negative_different_colorway,different
image_a72091582c0f8b90,image_1592ae5abe98584e,0,negative_different_colorway,different
image_cabffcf9d45f39a3,image_0d48fed73815d9b2,0,negative_different_colorway,different
image_0e13ead12eef4a2b,image_03b28a439b2f4f25,0,negative_different_colorway,different
image_591fc513850ce250,image_c72d0ad1ef7410e0,0,negative_different_colorway,different
image_f7713a54fbda632d,image_1592ae5abe98584e,0,negative_different_colorway,different
image_0e13ead12eef4a2b,image_297a0991220cd19e,0,negative_different_colorway,different
image_a72091582c0f8b90,image_af3b2b8364a0f174,0,negative_different_colorway,different
image_fa4949a3f10ea376,image_297a0991220cd19e,0,negative_different_colorway,different
image_f7713a54fbda632d,image_22d117d643c7bde9,0,negative_different_colorway,different
image_f7713a54fbda632d,image_89db5e094a06ad3c,0,negative_different_colorway,different
image_a72091582c0f8b90,image_03b28a439b2f4f25,0,negative_different_colorway,different
image_fa4949a3f10ea376,image_68e821d9aa8b82fb,0,negative_different_colorway,different
image_f7713a54fbda632d,image_68e821d9aa8b82fb,0,negative_different_colorway,different
image_cabffcf9d45f39a3,image_382db6555dbef788,0,negative_different_colorway,different
image_fa4949a3f10ea376,image_4a05b077cd0824b1,0,negative_different_colorway,different
image_fa4949a3f10ea376,image_f8ee9f4c3ba8d304,0,negative_different_colorway,different
image_f7713a54fbda632d,image_f8c9f2dd2f4514fc,0,negative_different_colorway,different
image_591fc513850ce250,image_03b28a439b2f4f25,0,negative_different_colorway,different
image_cabffcf9d45f39a3,image_03b28a439b2f4f25,0,negative_different_colorway,different
image_a72091582c0f8b90,image_f8ee9f4c3ba8d304,0,negative_different_colorway,different
image_fa4949a3f10ea376,image_b43f8de10c2c79e6,0,negative_different_colorway,different
image_591fc513850ce250,image_22d117d643c7bde9,0,negative_different_colorway,different
image_591fc513850ce250,image_1bd3e4d3f4ecbc34,0,negative_different_colorway,different
image_fa4949a3f10ea376,image_c72d0ad1ef7410e0,0,negative_different_colorway,different
image_a72091582c0f8b90,image_382db6555dbef788,0,negative_different_colorway,different
image_cabffcf9d45f39a3,image_c72d0ad1ef7410e0,0,negative_different_colorway,different
image_f7713a54fbda632d,image_0d48fed73815d9b2,0,negative_different_colorway,different
image_0e13ead12eef4a2b,image_f8ee9f4c3ba8d304,0,negative_different_colorway,different
image_a72091582c0f8b90,image_22d117d643c7bde9,0,negative_different_colorway,different
image_cabffcf9d45f39a3,image_b43f8de10c2c79e6,0,negative_different_colorway,different
image_a72091582c0f8b90,image_297a0991220cd19e,0,negative_different_colorway,different
image_a72091582c0f8b90,image_89db5e094a06ad3c,0,negative_different_colorway,different
image_f7713a54fbda632d,image_0d42650188e16f6c,0,negative_different_colorway,different
image_0e13ead12eef4a2b,image_959f5ea12052c184,0,negative_different_colorway,different
image_cabffcf9d45f39a3,image_0d42650188e16f6c,0,negative_different_colorway,different
image_591fc513850ce250,image_af3b2b8364a0f174,0,negative_different_colorway,different
image_cabffcf9d45f39a3,image_af3b2b8364a0f174,0,negative_different_colorway,different
image_cabffcf9d45f39a3,image_959f5ea12052c184,0,negative_different_colorway,different
image_0e13ead12eef4a2b,image_af3b2b8364a0f174,0,negative_different_colorway,different
image_591fc513850ce250,image_68e821d9aa8b82fb,0,negative_different_colorway,different
image_0e13ead12eef4a2b,image_1bd3e4d3f4ecbc34,0,negative_different_colorway,different
image_f7713a54fbda632d,image_297a0991220cd19e,0,negative_different_colorway,different
image_591fc513850ce250,image_959f5ea12052c184,0,negative_different_colorway,different
image_fa4949a3f10ea376,image_22d117d643c7bde9,0,negative_different_colorway,different
image_f7713a54fbda632d,image_1bd3e4d3f4ecbc34,0,negative_different_colorway,different
image_a72091582c0f8b90,image_c72d0ad1ef7410e0,0,negative_different_colorway,different
image_fa4949a3f10ea376,image_f8c9f2dd2f4514fc,0,negative_different_colorway,different
image_a72091582c0f8b90,image_0d42650188e16f6c,0,negative_different_colorway,different
image_cabffcf9d45f39a3,image_4a05b077cd0824b1,0,negative_different_colorway,different
image_cabffcf9d45f39a3,image_f8c9f2dd2f4514fc,0,negative_different_colorway,different
image_cabffcf9d45f39a3,image_22d117d643c7bde9,0,negative_different_colorway,different
image_a72091582c0f8b90,image_a71a9c57459013b1,0,negative_different_colorway,different
image_fa4949a3f10ea376,image_1bd3e4d3f4ecbc34,0,negative_different_colorway,different
image_a72091582c0f8b90,image_b43f8de10c2c79e6,0,negative_different_colorway,different
image_a72091582c0f8b90,image_f8c9f2dd2f4514fc,0,negative_different_colorway,different
image_0e13ead12eef4a2b,image_4a05b077cd0824b1,0,negative_different_colorway,different
image_591fc513850ce250,image_a71a9c57459013b1,0,negative_different_colorway,different
image_591fc513850ce250,image_89db5e094a06ad3c,0,negative_different_colorway,different
image_0e13ead12eef4a2b,image_89db5e094a06ad3c,0,negative_different_colorway,different
image_cabffcf9d45f39a3,image_a71a9c57459013b1,0,negative_different_colorway,different
image_fa4949a3f10ea376,image_959f5ea12052c184,0,negative_different_colorway,different
image_591fc513850ce250,image_0d42650188e16f6c,0,negative_different_colorway,different
image_a72091582c0f8b90,image_4a05b077cd0824b1,0,negative_different_colorway,different
image_cabffcf9d45f39a3,image_297a0991220cd19e,0,negative_different_colorway,different
image_0e13ead12eef4a2b,image_0d48fed73815d9b2,0,negative_different_colorway,different
image_fa4949a3f10ea376,image_a71a9c57459013b1,0,negative_different_colorway,different
image_591fc513850ce250,image_f8c9f2dd2f4514fc,0,negative_different_colorway,different
image_fa4949a3f10ea376,image_89db5e094a06ad3c,0,negative_different_colorway,different
image_f7713a54fbda632d,image_382db6555dbef788,0,negative_different_colorway,different
image_0e13ead12eef4a2b,image_382db6555dbef788,0,negative_different_colorway,different
image_591fc513850ce250,image_f8ee9f4c3ba8d304,0,negative_different_colorway,different
image_f7713a54fbda632d,image_af3b2b8364a0f174,0,negative_different_colorway,different
